pais,pibpercapita,coefgini,crescpop,urban,educ,idh,nivelidh,txfec,txmortinf,expvida_60,gastosaude,gastoeduc,fbkf,despconspublico,receitatrib,impostosk,endivpubl,indprecos,emissaoco2,cresc_florest,txpartft,txdesempr,desemp_jov,popencarc,txhomicidio,exp_imp,invdirestrang,txmigrliq,estoquemigr,internet,celular,benefprev,nivelidh_cod,idhmalto,idhalto,idhmedio,idhbaixo,logpibpc,pibpc2,logpibpercapita
Norway,62.448002,26.799999,1,80.199997,12.6,944,malto,1.9,2.3,24,9.6000004,6.5999999,22.6,21.9,27.299999,31.799999,87,104,9.1999998,11.9,64.900002,3.5,9.1999998,72,2.2,67,.5,6,13.8,96.300003,116.5,100,1,1,0,0,0,4.1343341,3899.7529,4.1343341
Australia,42.831001,34,1.3,89.599998,13,935,malto,1.9,3.4000001,25.1,9,5.0999999,28.299999,17.700001,21.4,65.300003,158.8,108,16.5,-4.5999999,65.199997,5.1999998,12.2,130,1.1,41,3.3,6.5,27.700001,84.599998,131.2,83,1,1,0,0,0,3.7572622,1834.4946,3.7572622
Switzerland,54.696999,32.400002,1,73.900002,12.8,930,malto,1.5,3.5999999,25,11.5,5.3000002,23.4,11,9.8000002,22.700001,173.39999,99,4.5999999,8.6000004,68.199997,4.4000001,8.5,82,.60000002,132.2,-1.2,8,28.9,87,140.5,100,1,1,0,0,0,4.0018086,2991.7617,4.0018086
Denmark,41.991001,26.9,.40000001,87.300003,12.7,923,malto,1.9,2.9000001,22.4,10.6,8.6999998,18.299999,26.700001,33.400002,39.700001,199.60001,106,7.1999998,23,62.5,7,12.6,73,.80000001,102.8,.5,2.7,9.8999996,96,126,100,1,1,0,0,0,3.7374554,1763.2441,3.7374554
Netherlands,44.945,28.9,.30000001,84.300003,11.9,922,malto,1.8,3.3,23.5,12.9,5.9000001,18.200001,26.299999,19.700001,23.5,193,107,10.1,5.9000001,64.400002,6.6999998,11,82,.89999998,155.60001,3.8,.60000002,11.7,93.199997,116.4,100,1,1,0,0,0,3.8054395,2020.053,3.8054395
Germany,43.207001,30.6,-.1,74.300003,13.1,916,malto,1.4,3.2,23.5,11.3,5,19.799999,19.299999,11.5,16.299999,113.5,106,8.8999996,3.3,59.900002,5.3000002,7.9000001,79,.80000001,85.300003,1.4,1.3,11.9,86.199997,120.4,100,1,1,0,0,0,3.7660027,1866.845,3.7660027
Ireland,44.931,32.099998,1.1,63.099998,12.2,916,malto,2,3.2,23.4,8.8999996,6.1999998,15.2,17.5,22,37.799999,186.10001,105,7.9000001,62.700001,60.5,13,26.799999,88,1.2,189.8,21.5,2.2,15.9,79.699997,104.3,90.5,1,1,0,0,0,3.8051279,2018.7948,3.8051279
United States,51.34,41.099998,.80000001,83.099998,12.9,915,malto,2,5.9000001,23.200001,17.1,5.1999998,19.299999,15.2,10.6,53.200001,240.5,107,17,3,62.5,8.1000004,13.4,716,4.6999998,30,1.8,3.0999999,14.3,87.400002,98.400002,92.5,1,1,0,0,0,3.9384701,2635.7957,3.9384701
Canada,41.894001,33.700001,1,81,13,913,malto,1.7,4.5999999,24.4,10.9,5.3000002,23.700001,21.700001,11.5,51.599998,173.10001,105,14.1,0,66.199997,7.1999998,13.5,118,1.6,61.900002,3.9000001,6.3000002,20.700001,87.099998,83,97.699997,1,1,0,0,0,3.7351427,1755.1073,3.7351427
Sweden,43.741001,26.1,.69999999,85.699997,12.1,907,malto,1.9,2.4000001,24.1,9.6999998,6.8000002,22.1,26.200001,20.700001,9.8000002,138.10001,104,5.5,4.0999999,64.099998,8,23.6,67,.69999999,82.699997,-.89999998,4.1999998,15.9,92.5,127.8,100,1,1,0,0,0,3.778286,1913.2751,3.778286
United Kingdom,37.016998,38,.60000002,80,13.1,907,malto,1.9,3.9000001,23.5,9.1000004,6,16.4,20.200001,25.299999,31.799999,184.10001,110,7.0999999,10.9,62.099998,7.6999998,20.9,147,1,61.599998,1.8,2.9000001,12.4,91.599998,123.6,99.5,1,1,0,0,0,3.6113772,1370.2582,3.6113772
Iceland,41.25,26.299999,1.1,94.099998,10.6,899,malto,2.0999999,1.6,24.299999,9.1000004,7.4000001,15.1,24.299999,22.299999,27.4,130.89999,114,5.9000001,264.39999,73.900002,5.4000001,10.7,47,.30000001,103.1,3.0999999,3.3,10.4,98.199997,111.1,100,1,1,0,0,0,3.7196512,1701.5625,3.7196512
Israel,30.927,42.799999,1.3,92.099998,12.5,894,malto,2.9000001,3.2,24.299999,7.1999998,5.5999999,19.5,22.5,22.1,27.9,81.400002,107,9,16.4,63.400002,6.9000001,10.5,223,1.8,64.5,4.0999999,-2,26.5,71.5,121.5,73.599998,1,1,0,0,0,3.4316297,956.47931,3.4316297
Japan,35.613998,32.099998,-.1,93,11.5,891,malto,1.4,2.0999999,26.1,10.3,3.8,21.700001,20.6,10.1,46,366.5,100,9.3000002,.2,59.200001,4.3000002,6.9000001,51,.30000001,35.099998,.1,.60000002,1.9,90.599998,120.2,80.300003,1,1,0,0,0,3.5727389,1268.3569,3.5727389
Belgium,40.606998,33.099998,.40000001,97.599998,11.3,890,malto,1.9,3.5,23.6,11.2,6.5,22.299999,24.4,24.9,35.200001,111.2,108,8.8000002,,53.299999,8.3999996,23.200001,108,1.6,164.2,-.60000002,2.7,10.4,85,114.3,84.599998,1,1,0,0,0,3.7039404,1648.9283,3.7039404
France,37.153999,31.700001,.5,87.400002,11.1,888,malto,2,3.5,25.1,11.7,5.6999998,22.1,24.1,21.4,24.6,130.8,105,5.1999998,10.4,55.900002,9.8999996,23.9,98,1,58,.2,2,11.6,83.800003,100.4,100,1,1,0,0,0,3.6150715,1380.4197,3.6150715
Austria,44.375999,30,.40000001,68.300003,10.8,885,malto,1.5,3.2,23.9,11,5.8000002,22.200001,19.799999,18.299999,23.700001,127.9,108,7.8000002,3.3,61,4.9000001,9.1999998,98,.89999998,103.4,3.5999999,3.5,15.7,81,151.89999,100,1,1,0,0,0,3.7926989,1969.2294,3.7926989
Finland,38.846001,27.799999,.30000001,84.099998,10.3,883,malto,1.9,2.0999999,23.799999,9.3999996,6.8000002,21.200001,24.9,20,14.8,104.9,108,10.2,1.5,59.799999,8.1999998,20,58,1.6,77.300003,-2,1.8,5.4000001,92.400002,139.7,100,1,1,0,0,0,3.659605,1509.0117,3.659605
Slovenia,27.576,24.9,.2,49.799999,11.9,880,malto,1.5,2.3,22.799999,9.1999998,5.6999998,19.700001,20.4,17.5,10.4,82.800003,106,7.5,5.8000002,57.700001,10.1,21.6,66,.69999999,143.39999,-.89999998,2.0999999,11.3,71.599998,112.1,95.099998,1,1,0,0,0,3.3169458,760.43579,3.3169458
Spain,31.596001,35.799999,.40000001,77.900002,9.6000004,876,malto,1.5,3.5999999,24.799999,8.8999996,5,18.5,19.5,7.0999999,20.1,205.10001,107,5.8000002,34.200001,59,26.1,55.5,147,.80000001,59.700001,3.2,2.5999999,13.8,76.199997,107.9,68.199997,1,1,0,0,0,3.4530306,998.30725,3.4530306
Italy,34.167,35.5,.2,68.900002,10.1,873,malto,1.5,3,24.700001,9.1000004,4.3000002,17.799999,19.4,22.4,32.799999,161.8,107,6.6999998,22.6,49.099998,12.2,40,106,.89999998,54.799999,.60000002,3,9.3999996,62,154.3,81.099998,1,1,0,0,0,3.5312603,1167.3839,3.5312603
Czech Republic,27.959,26.4,.40000001,73.400002,12.3,870,malto,1.6,2.9000001,21.1,7.1999998,4.5,24.9,19.6,13.4,14.5,67,107,10.4,1.3,59.5,7,19,154,1,148.60001,2.4000001,3.8,4,79.699997,130,100,1,1,0,0,0,3.330739,781.70569,3.330739
Greece,24.540001,34.700001,0,62.200001,10.3,865,malto,1.5,3.7,23.5,9.8000002,4.0999999,11.2,20,22.4,19,134.3,104,7.5999999,20.1,53.200001,27.299999,58.299999,111,1.7,63.400002,1.2,.89999998,8.8999996,63.200001,115,77.400002,1,1,0,0,0,3.2003045,602.21167,3.2003045
Estonia,25.132,32.700001,-.30000001,69.699997,12.5,861,malto,1.6,2.7,20.200001,5.6999998,5.1999998,27.299999,19.1,16.299999,8.8999996,71.599998,112,14,5.0999999,62,8.6000004,18.700001,238,5,171.3,3.9000001,0,16.299999,84.199997,160.7,98,1,1,0,0,0,3.2241418,631.61743,3.2241418
Slovakia,26.263,26.6,.1,54.599998,12.2,844,malto,1.4,6,19.799999,8.1999998,4.0999999,20.4,18.1,12.2,10.3,53.099998,109,6.4000001,.60000002,59.5,14.2,33.599998,187,1.4,181.39999,2.2,.60000002,2.7,80,116.9,100,1,1,0,0,0,3.2681611,689.74518,3.2681611
Poland,22.877001,32.799999,0,60.700001,11.8,843,malto,1.4,4.5,21.1,6.6999998,4.9000001,18.799999,18.1,16,13.4,65.800003,109,8.3000002,5.8000002,56.5,10.3,27.299999,217,1.2,90.300003,-.89999998,-.2,1.7,66.599998,156.5,96.5,1,1,0,0,0,3.130132,523.35718,3.130132
Lithuania,24.483,32.599998,-.5,67.400002,12.4,839,malto,1.5,4,19.1,6.1999998,5.1999998,17.4,18.700001,13.4,9,51,109,4.5,11.9,61,11.8,19.299999,329,6.6999998,155.7,1.6,-1.9,4.9000001,72.099998,147,100,1,1,0,0,0,3.197979,599.4173,3.197979
Chile,21.714001,50.799999,.89999998,89.800003,9.8000002,832,malto,1.8,7.0999999,23.6,7.6999998,4.5999999,23.6,12.4,19,30.4,115.5,108,4.5999999,6.8000002,61.799999,6.4000001,16.1,266,3.0999999,65.5,7.3000002,.30000001,2.3,72.400002,133.3,74.5,1,1,0,0,0,3.0779572,471.49783,3.0779572
Hungary,22.914,28.9,-.2,70.900002,11.6,828,malto,1.4,5.1999998,19.9,8,4.6999998,19.9,19.9,22.9,15.9,64.699997,112,4.9000001,12.9,51.900002,10.2,27.200001,186,1.3,169.89999,-3.2,1.5,4.6999998,76.099998,118.1,91.400002,1,1,0,0,0,3.131748,525.05139,3.131748
Latvia,21.825001,36,-.60000002,67.699997,11.5,819,malto,1.6,7.4000001,19.1,5.6999998,4.9000001,22.200001,15.5,13.8,8.6999998,58.599998,107,3.8,6.4000001,60.599998,11.9,23.200001,304,4.6999998,121.5,2.8,-1,13.8,75.800003,124.2,100,1,1,0,0,0,3.0830562,476.33066,3.0830562
Croatia,20.063,33.599998,-.40000001,58.700001,11,818,malto,1.5,3.8,20.6,7.3000002,4.1999998,19.299999,20,19.6,7.9000001,94.099998,108,4.8000002,4.0999999,51.299999,17.299999,50,108,1.2,85.400002,1,-.89999998,17.6,68.599998,104.4,57.599998,1,1,0,0,0,2.9988773,402.52396,2.9988773
Montenegro,14.152,30.6,0,63.900002,11.2,802,malto,1.7,4.9000001,19.200001,6.5,,19.200001,19.799999,,,61,109,4.0999999,0,50,19.6,41.099998,208,2.7,103.9,10.1,-.80000001,8.1999998,61,163,52.299999,1,1,0,0,0,2.6498561,200.27911,2.6498561
Belarus,17.055,26.5,-.5,76.300003,12,798,alto,1.5,3.7,17.1,6.0999999,5.0999999,36.900002,14.2,15.1,3.5,39.900002,289,6.6999998,11.9,56,6.0999999,12.5,335,5.0999999,125.2,3.0999999,-.2,11.6,59,122.5,93.599998,2,0,1,0,0,2.8364434,290.87305,2.8364434
Russian Federation,23.563999,39.700001,-.2,74.300003,12,798,alto,1.5,8.6000004,17.5,6.5,4.0999999,21.5,19.5,15.1,1.9,48.299999,122,12.6,.1,63.700001,5.5,13.8,475,9.1999998,50.900002,3.4000001,1.5,7.6999998,70.5,155.10001,100,2,0,1,0,0,3.1597202,555.26208,3.1597202
Romania,18.200001,27.299999,-.30000001,52.900002,10.8,793,alto,1.4,10.5,19.4,5.3000002,3.0999999,23.5,6.1999998,18.799999,18.4,52,114,4.1999998,4,56.5,7.3000002,23.6,155,1.7,84.5,2.2,-.40000001,.89999998,54.099998,105.9,98,2,0,1,0,0,2.9014215,331.24002,2.9014215
Uruguay,18.966,41.299999,.30000001,92.800003,8.5,793,alto,2.0999999,9.5,21.799999,8.8000002,4.4000001,22.9,13.8,19.299999,18.4,36.299999,127,2.3,99.300003,65.699997,6.4000001,19.200001,281,7.9000001,51.299999,5,-1.8,2.2,61.5,160.8,68.199997,2,0,1,0,0,2.9426479,359.70914,2.9426479
Kazakhstan,22.466999,28.6,1,53.299999,11.4,788,alto,2.4000001,14.6,16.5,4.3000002,3.0999999,21.200001,10.3,,,39.099998,121,15.8,-3.5999999,72.5,5.1999998,3.9000001,295,7.8000002,64.900002,4.1999998,0,21.1,54.900002,168.60001,95.900002,2,0,1,0,0,3.1120474,504.76605,3.1120474
Bulgaria,15.695,34.299999,-.80000001,74.800003,10.6,782,alto,1.5,10.1,18.799999,7.5999999,3.8,21.299999,16.5,19,14.6,71.099998,108,6.6999998,23.700001,53.299999,12.9,28.4,151,1.9,137.39999,3.5,-1.4,1.2,55.5,137.7,96.900002,2,0,1,0,0,2.7533422,246.33301,2.7533422
Panama,18.792999,51.900002,1.6,77,9.3000002,780,alto,2.5,15.4,23.9,7.1999998,3.3,26.5,10,,,67.599998,116,2.5999999,-14.9,65.5,4.0999999,10.8,411,17.200001,154.8,11.8,1.5,4.0999999,44.900002,158.10001,37.299999,2,0,1,0,0,2.9334843,353.17682,2.9334843
Malaysia,22.589001,46.200001,1.6,74.800003,10,779,alto,2,7.1999998,19,4,5.9000001,26.9,13.6,16.1,52,142.60001,107,7.8000002,-9.3999996,59.400002,3,10.4,132,2.3,154.10001,3.7,3.0999999,8.3000002,67.5,148.8,19.799999,2,0,1,0,0,3.1174631,510.26294,3.1174631
Mauritius,16.648001,35.900002,.40000001,41.799999,8.5,777,alto,1.5,12.5,19.299999,4.8000002,3.7,21.200001,14.4,19,17.9,122.4,115,3.0999999,-9.6999998,58.599998,7.5999999,23.200001,202,2.8,120.8,2.2,0,3.5999999,41.400002,132.3,100,2,0,1,0,0,2.8122902,277.15591,2.8122902
Seychelles,23.799,65.800003,.60000002,54.799999,9.3999996,772,alto,2.2,12.2,19.4,4,3.5999999,33.599998,25.6,31.200001,27.9,35.200001,115,6.8000002,0,,4.0999999,11,709,9.5,164,12.3,-3.4000001,13,54.299999,162.2,100,2,0,1,0,0,3.1696436,566.3924,3.1696436
Serbia,12.893,29.700001,-.5,57.400002,10.5,771,alto,1.4,5.8000002,18.700001,10.6,.1,21.200001,19.6,19.700001,7.5999999,49.5,128,6.8000002,21.4,52.400002,22.1,49.400002,142,1.2,92.699997,4.3000002,-2.0999999,5.5999999,53.5,122.1,46.099998,2,0,1,0,0,2.5566845,166.22945,2.5566845
Costa Rica,13.431,48.599998,1.4,66,8.3999996,766,alto,1.8,8.3999996,23.799999,9.8999996,6.9000001,21,17.9,13.6,15.1,56.5,115,1.7,3.4000001,63,8.5,21.799999,314,8.5,73.900002,6.5,2.7,8.6000004,49.400002,143.8,55.799999,2,0,1,0,0,2.5975654,180.39175,2.5975654
Iran (Islamic Republic of),15.09,38.299999,1.3,69.5,8.1999998,766,alto,1.9,14.4,19.9,6.6999998,3.7,25.799999,11.2,8.3999996,19.299999,18,214,7.8000002,0,45.099998,10.4,28.700001,284,4.0999999,53.700001,.80000001,-.80000001,3.4000001,39.400002,87.800003,26.4,2,0,1,0,0,2.7140322,227.7081,2.7140322
Venezuela (Bolivarian Republic of),17.615,44.799999,1.5,94.099998,8.8999996,762,alto,2.4000001,12.9,21.1,3.4000001,6.9000001,20.299999,12.2,15.5,21.5,52.5,215,6.4000001,-12.2,65.099998,7.8000002,17.1,161,53.700001,50.400002,1.6,.30000001,3.9000001,57,99,59.400002,2,0,1,0,0,2.8687508,310.28821,2.8687508
Turkey,18.66,40,1.2,74.300003,7.5999999,761,alto,2.0999999,16.5,20.9,5.5999999,2.9000001,20.299999,15.1,20.4,17.6,84.300003,125,4.4000001,19.5,49.400002,9.6999998,18.700001,179,2.5999999,57.900002,1.6,.89999998,2.5,51,94.800003,88.099998,2,0,1,0,0,2.9263823,348.19559,2.9263823
Sri Lanka,9.4259996,36.400002,.80000001,15.3,10.8,757,alto,2.4000001,8.1999998,19.6,3.2,1.7,29.200001,13.1,12,16.200001,48.400002,123,.69999999,-22.1,55,4.4000001,20.1,132,3.4000001,54.5,1.4,-3,1.5,25.799999,103.2,17.1,2,0,1,0,0,2.2434719,88.849472,2.2434719
Mexico,16.291,48.099998,1.2,79,8.5,756,alto,2.2,12.5,22.700001,6.1999998,5.0999999,21,11.9,,,49.5,112,3.9000001,-8.3000002,61.599998,4.8000002,9.1999998,210,21.5,64.199997,3.3,-2,.89999998,44.400002,82.5,25.200001,2,0,1,0,0,2.7906129,265.3967,2.7906129
Brazil,14.555,52.700001,.80000001,85.400002,7.6999998,755,alto,1.8,12.3,21.799999,9.6999998,5.8000002,18.200001,22,15.4,26.5,110.1,119,2.2,-10.4,69.800003,6.6999998,15,274,25.200001,27.6,3.5999999,-.2,.30000001,57.599998,139,86.300003,2,0,1,0,0,2.6779346,211.84804,2.6779346
Georgia,6.9460001,41.400002,-.40000001,53.200001,12.1,754,alto,1.8,11.7,19.799999,9.3999996,2,21.9,16.700001,24.1,35.200001,42.900002,107,1.8,-1.5,65,14.6,35.599998,225,4.3000002,102.3,5.9000001,-5.8000002,4.4000001,48.900002,124.9,89.800003,2,0,1,0,0,1.938166,48.246918,1.938166
Azerbaijan,16.594,33,1.1,54.400002,11.2,751,alto,1.9,29.9,18.299999,5.5999999,2.4000001,24.6,11.2,13,13.6,25.5,112,3.5999999,.69999999,66.099998,5,13.8,413,2.0999999,75.599998,3.5999999,0,3.4000001,61,110.9,81.699997,2,0,1,0,0,2.8090413,275.36084,2.8090413
Jordan,11.407,33.700001,3.5,83.400002,9.8999996,748,alto,3.3,16,19,7.1999998,,27.200001,19.700001,15.3,13.6,111.9,115,3.5999999,-.60000002,41.599998,12.2,29.299999,95,2,113.8,5.3000002,11.3,40.200001,44,147.8,42.200001,2,0,1,0,0,2.4342272,130.11964,2.4342272
The former Yugoslav Republic of Macedonia,11.609,44.200001,.1,59.700001,9.3000002,747,alto,1.4,5.8000002,19.1,6.4000001,,24.799999,17.5,16.700001,10.7,52.400002,110,4.4000001,11.4,55.200001,29,51.900002,122,1.4,126.7,4.0999999,-.5,6.5999999,68.099998,109.1,52.200001,2,0,1,0,0,2.4517808,134.76889,2.4517808
Ukraine,8.5080004,24.799999,-.60000002,69.5,11.3,747,alto,1.5,8.6000004,17.4,7.8000002,6.6999998,18.200001,19.4,18.200001,11.8,95.699997,108,6.3000002,5.1999998,59.400002,7.5,17.4,305,4.3000002,102.2,2.5,-.2,11.4,43.400002,144.10001,95,2,0,1,0,0,2.1410069,72.38607,2.1410069
Peru,11.396,45.299999,1.3,78.300003,9,734,alto,2.4000001,12.9,21.5,5.3000002,3.3,26.6,11.2,16.5,34,22,110,1.8,-3.5,76.199997,4,8.8000002,202,9.6000004,48.400002,4.5999999,-2,.30000001,40.200001,102.9,33.200001,2,0,1,0,0,2.4332623,129.86882,2.4332623
Albania,10.405,29,.30000001,56.599998,9.3000002,733,alto,1.8,13.3,21.1,5.9000001,3.3,26.200001,10.7,,,66.900002,108,1.6,-1.9,55.099998,13.4,30.200001,158,5,87.900002,9.6999998,-3.2,3.0999999,60.099998,105.5,77,2,0,1,0,0,2.3422863,108.26402,2.3422863
Armenia,7.527,30.299999,.2,64.199997,10.9,733,alto,1.7,14,20,4.5,2.3,20.9,14.5,18.700001,21.299999,46,117,1.7,-26.9,63.400002,18.4,36,164,1.8,75,3.5,-3.4000001,10.6,46.299999,115.9,80,2,0,1,0,0,2.0184965,56.655727,2.0184965
Bosnia and Herzegovina,9.3870001,33,-.1,49.900002,8.3000002,733,alto,1.3,5.6999998,20.200001,9.6000004,,17.9,22.799999,20.9,6.6999998,67.699997,106,6.1999998,-1.1,45.299999,27.5,62.799999,78,1.3,85,1.8,-.30000001,.60000002,60.799999,91.300003,29.6,2,0,1,0,0,2.2393258,88.115768,2.2393258
Ecuador,10.541,46.599998,1.6,69.099998,7.5999999,732,alto,2.5999999,19.1,23.6,6.4000001,4.4000001,27.9,14.1,,,29.6,113,2.3,-23.6,68.599998,4.0999999,10.9,149,12.4,60.799999,.80000001,-.40000001,2.3,43,103.9,53,2,0,1,0,0,2.3552725,111.11269,2.3552725
China,11.525,37,.60000002,54.400002,7.5,727,alto,1.7,10.9,19.5,5.5999999,,47.299999,14.1,10.6,24.9,163,111,6.6999998,35.200001,71.300003,2.9000001,,121,1,50.299999,3.8,-.2,.1,49.299999,92.300003,74.400002,2,0,1,0,0,2.4445186,132.82562,2.4445186
Fiji,7.5019999,42.799999,.69999999,53.400002,9.8999996,727,alto,2.5999999,20,17,4.0999999,4.1999998,21.1,15,23.200001,32.5,121.8,116,1.4,7.0999999,55,6.9000001,18.700001,174,4,136.39999,4.0999999,-6.5999999,2.5999999,41.799999,98.800003,10.6,2,0,1,0,0,2.0151696,56.280003,2.0151696
Mongolia,9.132,36.5,1.5,71.199997,9.3000002,727,alto,2.4000001,26.4,16.299999,6,5.5,44.200001,11.3,18.200001,11.6,63.599998,137,6.9000001,-14.4,62.900002,7.9000001,16.5,287,9.6999998,112.2,18.700001,-1.1,.60000002,27,105.1,100,2,0,1,0,0,2.2117848,83.393425,2.2117848
Thailand,13.932,39.400002,.30000001,35.200001,7.3000002,726,alto,1.4,11.3,21.4,4.5999999,7.5999999,26.700001,13.8,16.5,36.200001,173.3,109,4.5999999,-2.8,72.300003,.80000001,3.4000001,398,5,143.8,3.3,.30000001,5.5999999,34.900002,144.39999,81.699997,2,0,1,0,0,2.6341884,194.10063,2.6341884
Tunisia,10.768,35.799999,1.1,67,6.8000002,721,alto,2,13.1,20.200001,7.0999999,6.1999998,20.200001,19,21,26.700001,83.400002,116,2.4000001,61.599998,47.599998,17.6,37.599998,199,2.2,103.1,2.3,-.60000002,.30000001,46.200001,128.5,68.800003,2,0,1,0,0,2.3765788,115.94981,2.3765788
Colombia,12.025,53.5,1.3,76.099998,7.3000002,720,alto,2.3,14.5,21.299999,6.8000002,4.9000001,24.5,16.700001,13.2,19.700001,70.099998,109,1.5,-3.5999999,67.400002,8.8999996,19.1,245,30.799999,38,4.3000002,-.5,.30000001,52.599998,113.1,23,2,0,1,0,0,2.4869878,144.60062,2.4869878
Jamaica,8.6070004,45.5,.5,52.299999,9.6999998,719,alto,2.3,14.3,21.299999,5.8000002,6.3000002,19.700001,16.299999,27.1,33,51.400002,126,2.9000001,-2.4000001,63.299999,13.7,34,152,39.299999,83.400002,4.5999999,-5.8000002,1.3,40.5,102.9,55.5,2,0,1,0,0,2.152576,74.080452,2.152576
Dominican Republic,11.795,45.700001,1.2,71.400002,7.5999999,715,alto,2.5,23.6,21.9,5.4000001,3.8,21.5,10.1,12.2,20.5,47.799999,118,2.2,0,64.900002,15,31.4,240,22.1,56.799999,2.5999999,-2.7,3.9000001,49.599998,78.900002,11.1,2,0,1,0,0,2.4676757,139.12202,2.4676757
Maldives,11.283,37.400002,1.9,44.5,5.8000002,706,alto,2.3,8.3999996,21,10.8,6.1999998,40.400002,16.799999,15.5,2.8,86.900002,129,3.3,0,66.800003,14.4,25.4,307,3.9000001,223.60001,15.7,0,24.4,49.299999,189.39999,99.699997,2,0,1,0,0,2.4232972,127.30609,2.4232972
Botswana,15.247,60.5,.89999998,63.599998,8.8999996,698,medio,2.5999999,36.299999,16.4,5.4000001,9.5,33.900002,19.700001,27.1,23.9,13.6,123,2.4000001,-19,76.699997,17.9,36,205,18.4,115,1.3,2,7.1999998,18.5,167.3,100,3,0,0,1,0,2.7243826,232.47101,2.7243826
Moldova (Republic of),4.5209999,30.6,-.80000001,49.799999,11.2,693,medio,1.5,13.3,16.200001,11.8,8.3000002,22.9,20.299999,18.6,2.7,44,118,1.4,23.9,40.700001,5.5999999,12.2,188,6.5,125.3,3.0999999,-5.9000001,11.2,46.599998,108,72.800003,3,0,0,1,0,1.5087332,20.43944,1.5087332
Egypt,10.733,30.799999,1.6,44,6.5999999,690,medio,2.8,18.6,17.5,5.0999999,3.8,13.8,11.7,13.2,26.200001,86.199997,129,2.8,61.799999,49.099998,13.2,34.299999,80,3.4000001,42.299999,2,-.5,.40000001,31.700001,114.3,32.700001,3,0,0,1,0,2.3733232,115.19729,2.3733232
Gabon,18.646,42.200001,2.4000001,87.099998,7.8000002,684,medio,4.0999999,39.099998,18.200001,3.8,,33.299999,8.8999996,,,11.7,104,1.4,0,60.799999,20.4,35.700001,196,9.1000004,93.599998,4.4000001,.60000002,23.6,9.8000002,210.39999,38.799999,3,0,0,1,0,2.9256315,347.67331,2.9256315
Indonesia,9.2539997,38.099998,1.2,53,7.5999999,684,medio,2.4000001,24.5,17.799999,3.0999999,3.5999999,31.700001,9.1000004,11.4,36.799999,45.599998,117,2.3,-21.5,67.699997,6.1999998,31.299999,59,.60000002,49.5,2.7,-.60000002,.1,17.1,126.2,8.1000004,3,0,0,1,0,2.2250559,85.636513,2.2250559
Paraguay,7.8330002,48,1.7,63.5,7.6999998,679,medio,2.9000001,18.700001,20.799999,9,5,15.1,12.1,12.8,11.6,38.299999,115,.80000001,-18.6,70.300003,5,10.5,118,9.6999998,94.099998,1.2,-1.2,2.7,43,105.6,22.200001,3,0,0,1,0,2.0583456,61.355892,2.0583456
"Palestine, State of",4.4840002,34.5,2.5,75,8.8999996,677,medio,4.0999999,18.6,18.700001,,,22.200001,27.700001,5.0999999,2.0999999,,119,.60000002,1,41.200001,23.299999,41,,7.4000001,72.400002,1.6,-2,5.9000001,53.700001,72.099998,8,3,0,0,1,0,1.5005156,20.106258,1.5005156
Uzbekistan,5.0019999,35.200001,1.4,36.299999,10.9,675,medio,2.3,36.700001,18.299999,6.0999999,,23.200001,22.4,,,,,3.9000001,7.3000002,61.599998,,,152,3.7,59.299999,1.9,-1.4,4.4000001,43.599998,73.800003,98.099998,3,0,0,1,0,1.6098378,25.020002,1.6098378
Philippines,6.3260002,43,1.7,49.599998,8.8999996,668,medio,3.0999999,23.5,17,4.4000001,3.4000001,20.5,11.1,12.9,42.099998,51.900002,111,.89999998,18.299999,65.199997,7.0999999,15.7,111,8.8000002,59.900002,1.3,-1.4,.2,39.700001,111.2,28.5,3,0,0,1,0,1.8446681,40.01828,1.8446681
El Salvador,7.5149999,41.799999,.69999999,66.199997,6.5,666,medio,2.2,13.5,22,6.9000001,3.4000001,15.1,12,14.5,23,72.099998,108,1.1,-26.200001,62.099998,5.9000001,12.4,422,41.200001,72.199997,.80000001,-7.0999999,.69999999,29.700001,144,18.1,3,0,0,1,0,2.016901,56.475224,2.016901
South Africa,12.106,65,.80000001,63.299999,9.8999996,666,medio,2.4000001,32.799999,16,8.8999996,6.1999998,19.299999,22.200001,26.5,49.400002,190.2,117,9.3000002,0,52.099998,24.700001,51.400002,294,31,64.199997,2.2,-.40000001,4.5,49,149.7,92.599998,3,0,0,1,0,2.4937012,146.55524,2.4937012
Viet Nam,5.125,35.599998,1,33,7.5,666,medio,1.8,19,22.4,6,6.3000002,23.799999,6.1999998,,,108.2,138,2,57.900002,77.5,2,6,145,3.3,163.7,5.1999998,-.40000001,.1,48.299999,147.10001,34.5,3,0,0,1,0,1.6341305,26.265625,1.6341305
Bolivia (Plurinational State of),5.934,46.599998,1.6,68.099998,8.1999998,662,medio,3.3,31.200001,18.6,6.0999999,6.4000001,19.1,13.9,17,9.6000004,50.400002,121,1.6,-9.8999996,72.5,2.7,6.1999998,140,12.1,81.400002,5.6999998,-2.4000001,1.4,39,96.300003,100,3,0,0,1,0,1.7806985,35.212357,1.7806985
Kyrgyzstan,3.1099999,33.400002,1.4,35.599998,10.6,655,medio,3.0999999,21.6,16.799999,6.6999998,6.8000002,30.5,18.1,18.1,19.1,14,128,1.2,18.1,67.5,8.3000002,13.4,181,9.1000004,143.10001,10.5,-6.3000002,4.0999999,28.299999,134.5,100,3,0,0,1,0,1.1346227,9.6720991,1.1346227
Iraq,14.471,29.5,2.9000001,66.400002,6.4000001,654,medio,4.0999999,28,17.5,5.1999998,,16.700001,21.299999,,,-1.4,114,4.1999998,3.3,42.299999,15.3,,110,8,66.699997,1.2,2.7,.30000001,11.3,94.900002,56,3,0,0,1,0,2.6721466,209.40984,2.6721466
Cabo Verde,6.21,43.799999,.80000001,64.900002,4.6999998,646,medio,2.3,21.9,19.9,4.4000001,5,35.900002,18.5,17.799999,23.299999,82.800003,109,.89999998,48.299999,67.5,10.7,,267,10.3,87.199997,2.2,-6.9000001,3,40.299999,121.8,55.700001,3,0,0,1,0,1.8261609,38.564102,1.8261609
Micronesia (Federated States of),3.286,61.099998,.2,22.9,9.6999998,640,medio,3.3,29.799999,17.299999,12.6,,,,,,-27.200001,,1.2,,,,,80,4.5999999,,.60000002,-15.7,2.5,,,,3,0,0,1,0,1.189671,10.797796,1.189671
Nicaragua,4.494,45.700001,1.4,58.5,6,631,medio,2.5,20,22.200001,8.3000002,4.4000001,22.9,5.6999998,14.8,30,44.799999,124,.80000001,-34.099998,63.400002,5.3000002,11.9,153,11.3,92.599998,7.5,-4,.69999999,17.6,114.6,23.700001,3,0,0,1,0,1.5027431,20.196035,1.5027431
Morocco,6.967,40.900002,1.4,58.099998,4.4000001,628,medio,2.8,26.1,17.9,6,6.5999999,30.200001,19,24.5,26.200001,115.5,104,1.8,2,50.5,9.1999998,19.1,220,2.2,80.5,3.2,-2.7,.2,56.799999,131.7,39.799999,3,0,0,1,0,1.9411848,48.539089,1.9411848
Namibia,9.276,61.299999,1.9,40.099998,6.1999998,628,medio,3.0999999,35.200001,17.299999,7.6999998,8.5,25.700001,27.6,23.1,32.599998,49.700001,118,1.3,-18.5,59,29.6,56.200001,191,17.200001,104.1,6.9000001,-.30000001,2.2,14.8,113.8,98.400002,3,0,0,1,0,2.2274303,86.044174,2.2274303
Guatemala,7.0630002,52.400002,2.5,51.099998,5.5999999,627,medio,3.8,25.799999,21.5,6.5,2.8,14.3,10.5,10.8,29.4,40.599998,115,.80000001,-25.299999,67.699997,3,6.3000002,105,39.900002,58.599998,2.5,-1,.5,23.4,106.6,14.1,3,0,0,1,0,1.9548699,49.885971,1.9548699
Tajikistan,2.4319999,30.799999,2.4000001,26.700001,10.4,624,medio,3.9000001,40.900002,18.200001,6.8000002,4,14.1,11.7,,,19,125,.40000001,.5,67.900002,11.5,16.700001,130,1.6,87.5,1.3,-2.5,3.4000001,17.5,95.099998,80.199997,3,0,0,1,0,.88871396,5.9146237,.88871396
India,5.2379999,33.599998,1.2,32.400002,5.4000001,609,medio,2.5,41.400002,17,4,3.8,28.299999,11.8,10.7,44.799999,77.099998,132,1.7,7.5,54.200001,3.5999999,10.7,30,3.5,53.299999,1.5,-.40000001,.40000001,18,74.5,24.1,3,0,0,1,0,1.6559397,27.436644,1.6559397
Honduras,4.4450002,57.400002,2,53.900002,5.5,606,medio,3,18.9,22.1,8.6000004,,24.5,16.6,14.7,21.6,57.299999,118,1.1,-39.099998,62.599998,3.9000001,8,153,90.400002,117.5,5.8000002,-1.2,.30000001,19.1,93.5,8.3999996,3,0,0,1,0,1.4917799,19.758026,1.4917799
Bhutan,7.1669998,38.700001,1.6,37.900002,3,605,medio,2.3,29.700001,19.5,3.5999999,5.5,47.299999,17.5,9.1999998,15.9,50.200001,129,.80000001,32.099998,72.5,2.0999999,9.6000004,135,1.7,103.7,2.8,2.7,6.6999998,34.400002,82.099998,3.2,3,0,0,1,0,1.9694872,51.365887,1.9694872
Timor-Leste,2.04,30.4,1.7,29.5,4.4000001,595,medio,5.9000001,46.200001,16.9,1.3,9.3999996,55.700001,85.699997,,,-53.599998,141,.2,-25.5,37.900002,3.9000001,14.8,25,3.5999999,136.7,1.6,-13.3,1,1.1,58.700001,100,3,0,0,1,0,.71294981,4.1615996,.71294981
Congo,5.6799998,40.200001,2.5999999,64.900002,6.0999999,591,medio,5,35.599998,17.1,4.0999999,6.1999998,30.700001,13.6,5.9000001,4.0999999,-7.1999998,112,.5,-1.5,70.699997,,,31,12.5,142.60001,14.5,-2.0999999,9.6999998,,,22.1,3,0,0,1,0,1.7369512,32.262398,1.7369512
Zambia,3.8,57.5,1.5,44.299999,7.8000002,586,medio,5.6999998,55.799999,17,5,1.3,25.9,2.8,16,48,27.5,121,.2,-6.9000001,79.300003,7.8000002,15.2,119,10.7,81.599998,6.8000002,-.60000002,.69999999,17.299999,67.300003,7.6999998,3,0,0,1,0,1.3350011,14.44,1.3350011
Ghana,3.8640001,42.799999,2.8,40,5.5,579,medio,3.9000001,52.299999,15.5,5.4000001,8.1000004,22.700001,16.6,14.9,24.700001,34.799999,132,.40000001,-36.799999,69.300003,4.1999998,11.2,54,6.0999999,89.400002,6.6999998,-.80000001,1.4,18.9,114.8,7.5999999,3,0,0,1,0,1.3517029,14.930496,1.3517029
Lao People's Democratic Republic,4.6669998,36.200001,3.2,40.5,6.5999999,575,medio,3.0999999,53.799999,17.1,2,2.8,29.200001,14.5,14.8,17.6,26.5,119,.2,-9.8999996,77.699997,1.4,,69,5.9000001,83.400002,3.8,-2.2,.30000001,14.3,67,5.5999999,3,0,0,1,0,1.5405164,21.780888,1.5405164
Bangladesh,2.8529999,32.099998,2.0999999,53.900002,7,570,medio,2.2,33.200001,18.4,3.7,2.2,28.4,5.0999999,8.6999998,22.4,57.900002,126,.40000001,-3.8,70.800003,4.5,8.6999998,42,2.7,46.299999,1,-2.5999999,.89999998,9.6000004,75.900002,39.5,3,0,0,1,0,1.0483711,8.1396084,1.0483711
Cambodia,2.944,31.799999,1.9,37.599998,5,555,medio,2.9000001,32.5,23.799999,7.5,2.5999999,18.1,5.1999998,11.6,13.8,40.299999,112,.30000001,-24,82.5,.30000001,.5,106,6.5,139.5,8.8000002,-2.3,.5,9,155.10001,5,3,0,0,1,0,1.0797693,8.6671362,1.0797693
Sao Tome and Principe,2.8759999,33.900002,1.2,29.9,5.0999999,555,medio,4.0999999,36.700001,18.200001,6.9000001,9.5,41.700001,13.5,14,12.8,28.799999,132,.60000002,0,61.099998,16.700001,,128,3.3,58.299999,3.4000001,-1.6,3.3,24.4,64.900002,41.799999,3,0,0,1,0,1.0564004,8.2713757,1.0564004
Kenya,2.7049999,47.700001,1.7,20.5,4.4000001,548,baixo,4.4000001,47.5,17.799999,4.5,6.5999999,20.4,14,15.9,40.900002,42.799999,132,.30000001,-7.0999999,67.300003,,,121,6.4000001,50.900002,.89999998,-.2,2.2,43.400002,73.800003,7.9000001,4,0,0,0,1,.99510187,7.3170247,.99510187
Nepal,2.1730001,32.799999,1.2,18,3.3,548,baixo,2.3,32.200001,17.1,6,4.6999998,22.6,9.8999996,15.3,18.700001,69.099998,130,.2,-24.700001,83.300003,2.7,3.5,48,2.9000001,48.200001,.40000001,-2.9000001,3.5,15.4,82.5,62.5,4,0,0,0,1,.77610874,4.7219296,.77610874
Pakistan,4.454,29.6,1.7,37.200001,4.6999998,538,baixo,3.2,69,17.4,2.8,2.5,13,11,11.1,27.9,49,132,.89999998,-36.599998,54.400002,5,7.6999998,39,7.6999998,33.099998,.60000002,-1.8,2.2,13.8,73.300003,2.3,4,0,0,0,1,1.4938025,19.838116,1.4938025
Angola,7.4879999,42.700001,3.0999999,61.5,4.6999998,532,baixo,5.9000001,101.6,15.7,3.8,3.5,14.7,19.9,18.799999,31.9,18.9,136,1.5,-4.5,70,,,105,10,96.5,-5.6999998,.60000002,.40000001,21.299999,63.5,14.5,4,0,0,0,1,2.0133016,56.070141,2.0133016
Swaziland,6.4710002,51.5,1.5,21.1,7.0999999,531,baixo,3.4000001,55.900002,16.299999,8.3999996,7.8000002,9.6000004,19.9,,,18.4,122,.89999998,21.1,57.400002,28.200001,,284,33.799999,114.6,.60000002,-1,2,27.1,72.300003,86,4,0,0,0,1,1.8673307,41.873844,1.8673307
Tanzania (United Republic of),1.7180001,37.799999,3,28.1,5.0999999,521,baixo,5.1999998,36.400002,17.9,7.3000002,6.1999998,32.099998,19,16.1,21.9,24.299999,141,.2,-21.4,89.099998,3.5,5.8000002,78,12.7,49.5,4.3000002,-.60000002,.60000002,4.9000001,62.799999,3.2,4,0,0,0,1,.54116088,2.9515243,.54116088
Nigeria,5.4229999,43,2.8,51.5,5.9000001,514,baixo,6,74.300003,13.7,3.9000001,,14.5,8.1000004,1.6,28.299999,22.299999,135,.5,-52.299999,56.099998,23.9,,32,20,31,1.1,-.40000001,.69999999,42.700001,77.800003,,4,0,0,0,1,1.6906492,29.408928,1.6906492
Cameroon,2.7390001,40.700001,2.5,53.799999,6,512,baixo,4.8000002,60.799999,16.4,5.0999999,3,19.4,11.6,,,15.5,108,.30000001,-19.9,70.300003,3.8,6.4000001,119,7.5999999,49.599998,1.1,-.5,1.3,11,75.699997,12.5,4,0,0,0,1,1.0075929,7.5021214,1.0075929
Madagascar,1.369,40.599998,2.8,34.5,6,510,baixo,4.5,39.599998,16.9,4.1999998,2.7,15.7,8.6000004,10.1,21.200001,15.6,123,.1,-9.1999998,88.5,3.8,2.5999999,87,11.1,73.099998,7.9000001,0,.1,3.7,38.200001,4.5999999,4,0,0,0,1,.31408051,1.8741609,.31408051
Mauritania,2.9449999,40.5,2.5,42.299999,3.8,506,baixo,4.6999998,67.099998,16.4,3.8,3.8,38,17,,,39.099998,115,.60000002,-44.099998,53.900002,31.200001,,45,5,133.7,27.1,-1,2.3,10.7,94.199997,9.3000002,4,0,0,0,1,1.0801088,8.6730242,1.0801088
Comoros,1.4,64.300003,2.4000001,28.299999,4.5999999,503,baixo,4.6999998,57.900002,15.9,5.8000002,7.5999999,17.799999,16.200001,,,26.9,106,.2,-81.699997,57.599998,,,16,10,78.199997,2.3,-2.8,1.7,7,50.900002,,4,0,0,0,1,.33647221,1.9599999,.33647221
Yemen,3.832,35.900002,2.3,34.099998,2.5999999,498,baixo,4.1999998,40.400002,16.200001,5.4000001,4.5999999,16.4,13.8,,,33.900002,146,1,0,48.799999,17.799999,33.700001,55,4.8000002,82.099998,-.40000001,-1.1,1.3,22.6,68.5,8.5,4,0,0,0,1,1.3433869,14.684224,1.3433869
Lesotho,2.494,54.200001,1.1,29.799999,5.9000001,497,baixo,3.0999999,73,15.5,11.5,13,36.700001,37.700001,58.700001,17.4,1.7,117,1.1,11,66,24.4,34.400002,121,38,150.60001,1.9,-1.9,.1,11,101.9,100,4,0,0,0,1,.91388786,6.2200356,.91388786
Togo,1.346,46,2.5999999,39.5,4.5,484,baixo,4.6999998,55.799999,14.5,8.6000004,4,18.299999,9.6000004,16.4,10.1,36,108,.30000001,-61,81,,,64,10.3,95.800003,1.9,-.30000001,3,5.6999998,69,10.9,4,0,0,0,1,.2971372,1.8117158,.2971372
Haiti,1.648,59.200001,1.4,57.400002,4.9000001,483,baixo,3.2,54.700001,17.200001,9.3999996,,,9.1000004,,,20.4,122,.2,-14.3,65.800003,,,96,10.2,71.099998,2.2,-3.4000001,.40000001,11.4,64.699997,1,4,0,0,0,1,.49956244,2.715904,.49956244
Rwanda,1.426,50.799999,2.7,20,3.7,483,baixo,4.5999999,37.099998,17.799999,11.1,5.0999999,25.5,14.2,13.4,25.700001,8,117,.1,43.099998,85.900002,3.4000001,4.5,492,23.1,45.400002,1.5,-.80000001,3.8,10.6,64,4.6999998,4,0,0,0,1,.35487333,2.0334761,.35487333
Uganda,1.368,44.599998,3.3,16.799999,5.4000001,483,baixo,5.9000001,43.799999,17.5,9.8000002,3.3,23.799999,8.3000002,13,30.6,16.299999,143,.1,-40.799999,77.5,4.1999998,2.5999999,97,10.7,50.700001,4.8000002,-.80000001,1.4,17.700001,52.400002,6.5999999,4,0,0,0,1,.31334984,1.8714241,.31334984
Benin,1.733,43.5,2.7,46.900002,3.3,480,baixo,4.9000001,56.200001,15.6,4.5999999,5.3000002,26.299999,11.2,15.6,16.799999,21.5,111,.5,-22.6,72.900002,1,2.4000001,75,8.3999996,51.799999,3.9000001,-.2,2.3,5.3000002,101.7,9.6999998,4,0,0,0,1,.54985404,3.0032892,.54985404
Sudan,3.2650001,35.299999,2.0999999,33.700001,3.0999999,479,baixo,4.5,51.200001,17.4,6.5,2.2,20,7.5,,,24,218,.40000001,-27.9,53.5,14.8,22.9,56,11.2,25.700001,3.3,-4.3000002,1.2,24.6,72.199997,4.5999999,4,0,0,0,1,1.1832598,10.660226,1.1832598
Djibouti,2.9030001,40,1.5,77.300003,3.8,470,baixo,3.4000001,57.400002,17.5,8.8999996,4.5,37.5,25.1,,,33.900002,112,.60000002,0,52,,,83,10.1,134.2,19.6,-3.7,14.2,10.7,32.400002,12,4,0,0,0,1,1.0657448,8.4274101,1.0657448
Senegal,2.1700001,40.299999,4,18.6,5.4000001,466,baixo,5,43.900002,16.200001,4.1999998,5.5999999,25.1,15.5,19.200001,23.1,35.099998,106,.60000002,-10.2,76.5,10.4,12.7,64,2.8,73.599998,2,-1.4,1.5,17.700001,98.800003,23.5,4,0,0,0,1,.77472723,4.7089005,.77472723
Afghanistan,1.8839999,27.799999,2.4000001,24.5,3.2,465,baixo,5,70.199997,15.9,8.1000004,,17.700001,12.3,7.5,3.7,-3.9000001,127,.40000001,0,47.900002,8.1999998,,76,6.5,55.400002,.30000001,-2.5999999,.30000001,6.4000001,74.900002,10.7,4,0,0,0,1,.63339716,3.5494559,.63339716
Côte d'Ivoire,3.1070001,43.200001,2.3,53.5,4.3000002,462,baixo,4.9000001,71.300003,13.9,5.6999998,4.5999999,17,8.3999996,14.2,21.4,26.9,109,.30000001,1.8,67.300003,9.3999996,,34,13.6,91,1.2,.5,12,14.6,106.3,7.6999998,4,0,0,0,1,1.1336577,9.65345,1.1336577
Malawi,755,46.200001,2.8,16.1,4.3000002,445,baixo,5.4000001,44.200001,17,8.3000002,5.4000001,19.700001,22.1,,,31.200001,166,.1,-18.6,83,7.8000002,8.6000004,76,1.8,110.5,3.2,0,1.3,5.8000002,30.5,4.0999999,4,0,0,0,1,6.6267176,570025,6.6267176
Ethiopia,1.336,33.599998,2.5999999,17.799999,2.4000001,442,baixo,4.5999999,44.400002,17.799999,5.0999999,4.6999998,35.799999,8.3000002,9.1999998,16,36.900002,177,.1,-21,83.699997,4.5,7.3000002,136,12,41.5,2,-.1,.80000001,2.9000001,31.6,9,4,0,0,0,1,.28968006,1.7848959,.28968006
Gambia,1.608,47.299999,3.2,58.900002,2.8,441,baixo,5.8000002,49.400002,15.2,6,4.0999999,20.700001,7.5,15.1,18,50.099998,115,.2,9.3999996,77.400002,,,56,10.2,87.800003,2.8,-1.5,8.8000002,15.6,119.6,10.8,4,0,0,0,1,.4749912,2.585664,.4749912
Congo (Democratic Republic of the),783,44.400002,2.7,35.900002,6,433,baixo,6,86.099998,15.2,3.5,1.6,20.6,12.4,8.3999996,11.9,7.3000002,129,.1,-4.3000002,71.900002,3.7,,33,28.299999,74.699997,5.1999998,-.2,.69999999,3,53.5,15,4,0,0,0,1,6.6631327,613089,6.6631327
Liberia,850,38.200001,2.5999999,49.299999,4.0999999,430,baixo,4.8000002,53.599998,15.4,10,2.8,25.4,15.5,20.9,27.700001,38.700001,125,.2,-13.4,61.5,3.7,5.0999999,46,3.2,121.9,35.900002,-.89999998,5.3000002,5.4000001,73.400002,,4,0,0,0,1,6.7452364,722500,6.7452364
Guinea-Bissau,1.362,35.5,2.4000001,46,2.8,420,baixo,5,77.900002,14.9,5.5,,,,,,18.6,108,.2,-9.6999998,73.300003,,,,8.3999996,,1.5,-1.2,1.1,3.3,63.5,6.1999998,4,0,0,0,1,.30895421,1.855044,.30895421
Mali,1.589,33,3,36.900002,2,419,baixo,6.9000001,77.599998,15.4,7.0999999,4.8000002,16.299999,11.3,15.8,21.9,20.9,108,.1,-12.4,66,7.3000002,10.7,36,7.5,69,3.7,-4,1.3,7,149,5.6999998,4,0,0,0,1,.46310487,2.5249209,.46310487
Mozambique,1.0700001,45.700001,2.5,32,3.2,416,baixo,5.1999998,61.5,16.799999,6.8000002,5,17.4,20.4,20.799999,29.5,29.299999,117,.1,-11,84.199997,22.5,39.299999,65,12.4,70.5,42.799999,-.2,.80000001,5.9000001,69.699997,17.299999,4,0,0,0,1,.0676587,1.1449001,.0676587
Sierra Leone,1.495,35.400002,1.9,40.400002,3.0999999,413,baixo,4.8000002,107.2,12.5,11.8,2.9000001,16.6,10.4,11.7,31,14.5,145,.2,-13.8,67.300003,3.4000001,5.1999998,52,1.9,107.5,3.5,-.69999999,1.6,2.0999999,76.699997,.89999998,4,0,0,0,1,.40212622,2.2350249,.40212622
Guinea,1.2130001,33.700001,2.5,36.900002,2.4000001,411,baixo,5,64.900002,14.8,4.6999998,2.5,15,9.6999998,,,32.200001,156,.2,-10.9,72,1.7,1,25,8.8999996,83.099998,2.2,-.2,3.2,1.7,72.099998,8.8000002,4,0,0,0,1,.19309668,1.4713691,.19309668
Burkina Faso,1.582,39.799999,2.8,29,1.4,402,baixo,5.6999998,64.099998,15.1,6.4000001,3.4000001,17.6,18.200001,16.299999,20.1,25.4,107,.1,-19.200001,83.400002,3.3,3.8,28,8,57.099998,2.9000001,-1.5,4.0999999,9.3999996,71.699997,3.2,4,0,0,0,1,.45868987,2.5027242,.45868987
Burundi,747,33.299999,3.2,11.8,2.7,400,baixo,6.0999999,54.799999,16,8,5.8000002,28.700001,22.1,,,23.9,140,0,-41.700001,82.599998,,,72,8,41.599998,.30000001,-.40000001,2.5,1.4,30.5,4,4,0,0,0,1,6.616065,558009,6.616065
Chad,2.0220001,43.299999,3,22.1,1.9,392,baixo,6.3000002,88.5,15.6,3.5999999,2.3,27.4,7.5999999,,,7,110,0,-13.3,71.599998,,,41,7.3000002,69.599998,4,-1.9,3.4000001,2.5,39.799999,1.6,4,0,0,0,1,.70408714,4.0884843,.70408714
Central African Republic,584,56.299999,2,39.799999,4.1999998,350,baixo,4.4000001,96.099998,15.9,3.9000001,1.2,14.8,7.6999998,9.5,6.9000001,36.700001,109,.1,-2.8,78.699997,,,19,11.8,33.400002,.1,.40000001,2.9000001,4,31.4,,4,0,0,0,1,6.3699012,341056,6.3699012
Niger,887,31.200001,3.9000001,18.6,1.5,348,baixo,7.5999999,59.900002,15.5,6.5,4.4000001,34.400002,14.6,11.3,11.6,11.8,106,.1,-39.400002,64.699997,,3.2,42,4.6999998,64.699997,8.5,-.30000001,.69999999,2,44.400002,6.0999999,4,0,0,0,1,6.7878451,786769,6.7878451
